element,atomic_number,source_recipe_dir,source_filename,source_format,all_source_formats,library_family,library_name,cfour_name,label_suffix,cfour_label,ncore,n_explicit_electrons,lmax,local_channel,nonlocal_channels,n_terms_per_channel,radial_powers,precision_digits_per_format,radial_power_convention,local_channel_convention,name_transformation,validation,cfour_file
Ag,47,recipes/Ag/ccECP,Ag.ccECP.gamess,gamess,gamess;gaussian;molpro;nwchem;plain,ccECP,ccECP,ccECP,,Ag:ccECP,28,19,3,f,s-f;p-f;d-f,f:4;s-f:2;p-f:2;d-f:2,1;2;3,gamess:153;gaussian:153;molpro:153;nwchem:153;plain:192,U_l(r) = sum_m c_m r**(N_m-2) exp(-alpha_m r**2),"local channel first, labelled l=LMAX; semi-local channels are U_l - U_LMAX",none: <Element>:<library name> verbatim,PASS,by_element/Ag/Ag.ccECP.cfour
Al,13,recipes/Al/ccECP,Al.ccECP.gamess,gamess,gamess;gaussian;molpro;nwchem,ccECP,ccECP,ccECP,,Al:ccECP,10,3,2,d,s-d;p-d,d:3;s-d:2;p-d:2,1;2;3,gamess:93;gaussian:93;molpro:93;nwchem:93,U_l(r) = sum_m c_m r**(N_m-2) exp(-alpha_m r**2),"local channel first, labelled l=LMAX; semi-local channels are U_l - U_LMAX",none: <Element>:<library name> verbatim,PASS,by_element/Al/Al.ccECP.cfour
Ar,18,recipes/Ar/ccECP,Ar.ccECP.gamess,gamess,gamess;gaussian;molpro;nwchem,ccECP,ccECP,ccECP,,Ar:ccECP,10,8,2,d,s-d;p-d,d:3;s-d:2;p-d:2,1;2;3,gamess:100;gaussian:100;molpro:100;nwchem:100,U_l(r) = sum_m c_m r**(N_m-2) exp(-alpha_m r**2),"local channel first, labelled l=LMAX; semi-local channels are U_l - U_LMAX",none: <Element>:<library name> verbatim,PASS,by_element/Ar/Ar.ccECP.cfour
As,33,recipes/As/ccECP,As.ccECP.gamess,gamess,gamess;gaussian;molpro;nwchem,ccECP,ccECP,ccECP,,As:ccECP,28,5,3,f,s-f;p-f;d-f,f:4;s-f:2;p-f:2;d-f:2,1;2;3,gamess:287;gaussian:251;molpro:287;nwchem:287,U_l(r) = sum_m c_m r**(N_m-2) exp(-alpha_m r**2),"local channel first, labelled l=LMAX; semi-local channels are U_l - U_LMAX",none: <Element>:<library name> verbatim,PASS,by_element/As/As.ccECP.cfour
Au,79,recipes/Au/ccECP,Au.ccECP.gamess,gamess,gamess;gaussian;molpro;nwchem;plain,ccECP,ccECP,ccECP,,Au:ccECP,60,19,4,g,s-g;p-g;d-g;f-g,g:4;s-g:3;p-g:3;d-g:3;f-g:3,1;2;3,gamess:236;gaussian:236;molpro:236;nwchem:236;plain:299,U_l(r) = sum_m c_m r**(N_m-2) exp(-alpha_m r**2),"local channel first, labelled l=LMAX; semi-local channels are U_l - U_LMAX",none: <Element>:<library name> verbatim,PASS,by_element/Au/Au.ccECP.cfour
B,5,recipes/B/ccECP,B.ccECP.gamess,gamess,gamess;gaussian;molpro;nwchem;plain,ccECP,ccECP,ccECP,,B:ccECP,2,3,1,p,s-p,p:3;s-p:1,1;2;3,gamess:43;gaussian:43;molpro:43;nwchem:43;plain:43,U_l(r) = sum_m c_m r**(N_m-2) exp(-alpha_m r**2),"local channel first, labelled l=LMAX; semi-local channels are U_l - U_LMAX",none: <Element>:<library name> verbatim,PASS,by_element/B/B.ccECP.cfour
Ba,56,recipes/Ba/ccECP,Ba.ccECP.gamess,gamess,gamess;gaussian;molpro;nwchem,ccECP,ccECP,ccECP,,Ba:ccECP,46,10,4,g,s-g;p-g;d-g;f-g,g:4;s-g:2;p-g:2;d-g:2;f-g:2,1;2;3,gamess:152;gaussian:152;molpro:152;nwchem:152,U_l(r) = sum_m c_m r**(N_m-2) exp(-alpha_m r**2),"local channel first, labelled l=LMAX; semi-local channels are U_l - U_LMAX",none: <Element>:<library name> verbatim,PASS,by_element/Ba/Ba.ccECP.cfour
Be,4,recipes/Be/ccECP,Be.ccECP.gamess,gamess,gamess;gaussian;molpro;nwchem,ccECP,ccECP,ccECP,,Be:ccECP,2,2,1,p,s-p,p:4;s-p:1,1;2;3,gamess:142;gaussian:123;molpro:142;nwchem:142,U_l(r) = sum_m c_m r**(N_m-2) exp(-alpha_m r**2),"local channel first, labelled l=LMAX; semi-local channels are U_l - U_LMAX",none: <Element>:<library name> verbatim,PASS,by_element/Be/Be.ccECP.cfour
Bi,83,recipes/Bi/ccECP,Bi.ccECP.gamess,gamess,gamess;gaussian;molpro;nwchem;plain,ccECP,ccECP,ccECP,,Bi:ccECP,78,5,4,g,s-g;p-g;d-g;f-g,g:4;s-g:3;p-g:3;d-g:3;f-g:3,1;2;3;4,gamess:208;gaussian:208;molpro:208;nwchem:208;plain:239,U_l(r) = sum_m c_m r**(N_m-2) exp(-alpha_m r**2),"local channel first, labelled l=LMAX; semi-local channels are U_l - U_LMAX",none: <Element>:<library name> verbatim,PASS,by_element/Bi/Bi.ccECP.cfour
Br,35,recipes/Br/ccECP,Br.ccECP.gamess,gamess,gamess;gaussian;molpro;nwchem,ccECP,ccECP,ccECP,,Br:ccECP,28,7,3,f,s-f;p-f;d-f,f:4;s-f:2;p-f:2;d-f:2,1;2;3,gamess:273;gaussian:240;molpro:273;nwchem:273,U_l(r) = sum_m c_m r**(N_m-2) exp(-alpha_m r**2),"local channel first, labelled l=LMAX; semi-local channels are U_l - U_LMAX",none: <Element>:<library name> verbatim,PASS,by_element/Br/Br.ccECP.cfour
C,6,recipes/C/ccECP,C.ccECP.gamess,gamess,gamess;gaussian;molpro;nwchem;plain,ccECP,ccECP,ccECP,,C:ccECP,2,4,1,p,s-p,p:3;s-p:1,1;2;3,gamess:47;gaussian:47;molpro:47;nwchem:47;plain:47,U_l(r) = sum_m c_m r**(N_m-2) exp(-alpha_m r**2),"local channel first, labelled l=LMAX; semi-local channels are U_l - U_LMAX",none: <Element>:<library name> verbatim,PASS,by_element/C/C.ccECP.cfour
Ca,20,recipes/Ca/ccECP,Ca.ccECP.gamess,gamess,gamess;gaussian;molpro;nwchem,ccECP,ccECP,ccECP,,Ca:ccECP,10,10,2,d,s-d;p-d,d:4;s-d:2;p-d:2,1;2;3,gamess:235;gaussian:203;molpro:235;nwchem:235,U_l(r) = sum_m c_m r**(N_m-2) exp(-alpha_m r**2),"local channel first, labelled l=LMAX; semi-local channels are U_l - U_LMAX",none: <Element>:<library name> verbatim,PASS,by_element/Ca/Ca.ccECP.cfour
Cd,48,recipes/Cd/ccECP,Cd.ccECP.gamess,gamess,gamess;gaussian;molpro;nwchem,ccECP,ccECP,ccECP,,Cd:ccECP,28,20,3,f,s-f;p-f;d-f,f:4;s-f:2;p-f:2;d-f:2,1;2;3,gamess:152;gaussian:152;molpro:152;nwchem:152,U_l(r) = sum_m c_m r**(N_m-2) exp(-alpha_m r**2),"local channel first, labelled l=LMAX; semi-local channels are U_l - U_LMAX",none: <Element>:<library name> verbatim,PASS,by_element/Cd/Cd.ccECP.cfour
Ce,58,recipes/Ce/ccECP,Ce.ccECP.gamess,gamess,gamess;gaussian;molpro;nwchem,ccECP,ccECP,ccECP,,Ce:ccECP,46,12,4,g,s-g;p-g;d-g;f-g,g:4;s-g:2;p-g:2;d-g:2;f-g:2,1;2;3,gamess:148;gaussian:148;molpro:148;nwchem:148,U_l(r) = sum_m c_m r**(N_m-2) exp(-alpha_m r**2),"local channel first, labelled l=LMAX; semi-local channels are U_l - U_LMAX",none: <Element>:<library name> verbatim,PASS,by_element/Ce/Ce.ccECP.cfour
Cl,17,recipes/Cl/ccECP,Cl.ccECP.gamess,gamess,gamess;gaussian;molpro;nwchem,ccECP,ccECP,ccECP,,Cl:ccECP,10,7,2,d,s-d;p-d,d:3;s-d:2;p-d:2,1;2;3,gamess:98;gaussian:98;molpro:98;nwchem:98,U_l(r) = sum_m c_m r**(N_m-2) exp(-alpha_m r**2),"local channel first, labelled l=LMAX; semi-local channels are U_l - U_LMAX",none: <Element>:<library name> verbatim,PASS,by_element/Cl/Cl.ccECP.cfour
Co,27,recipes/Co/ccECP,Co.ccECP.gamess,gamess,gamess;gaussian;molpro;nwchem;plain,ccECP,ccECP,ccECP,,Co:ccECP,10,17,2,d,s-d;p-d,d:4;s-d:2;p-d:2,1;2;3,gamess:154;gaussian:154;molpro:243;nwchem:154;plain:154,U_l(r) = sum_m c_m r**(N_m-2) exp(-alpha_m r**2),"local channel first, labelled l=LMAX; semi-local channels are U_l - U_LMAX",none: <Element>:<library name> verbatim,PASS,by_element/Co/Co.ccECP.cfour
Cr,24,recipes/Cr/ccECP,Cr.ccECP.gamess,gamess,gamess;gaussian;molpro;nwchem;plain,ccECP,ccECP,ccECP,,Cr:ccECP,10,14,2,d,s-d;p-d,d:4;s-d:2;p-d:2,1;2;3,gamess:149;gaussian:149;molpro:224;nwchem:149;plain:149,U_l(r) = sum_m c_m r**(N_m-2) exp(-alpha_m r**2),"local channel first, labelled l=LMAX; semi-local channels are U_l - U_LMAX",none: <Element>:<library name> verbatim,PASS,by_element/Cr/Cr.ccECP.cfour
Cs,55,recipes/Cs/ccECP,Cs.ccECP.gamess,gamess,gamess;gaussian;molpro;nwchem,ccECP,ccECP,ccECP,,Cs:ccECP,46,9,3,f,s-f;p-f;d-f,f:4;s-f:2;p-f:2;d-f:2,1;2;3,gamess:140;gaussian:140;molpro:140;nwchem:140,U_l(r) = sum_m c_m r**(N_m-2) exp(-alpha_m r**2),"local channel first, labelled l=LMAX; semi-local channels are U_l - U_LMAX",none: <Element>:<library name> verbatim,PASS,by_element/Cs/Cs.ccECP.cfour
Cu,29,recipes/Cu/ccECP,Cu.ccECP.gamess,gamess,gamess;gaussian;molpro;nwchem;plain,ccECP,ccECP,ccECP,,Cu:ccECP,10,19,2,d,s-d;p-d,d:4;s-d:2;p-d:2,1;2;3,gamess:155;gaussian:155;molpro:243;nwchem:155;plain:155,U_l(r) = sum_m c_m r**(N_m-2) exp(-alpha_m r**2),"local channel first, labelled l=LMAX; semi-local channels are U_l - U_LMAX",none: <Element>:<library name> verbatim,PASS,by_element/Cu/Cu.ccECP.cfour
Eu,63,recipes/Eu/ccECP,Eu.ccECP.gamess,gamess,gamess;gaussian;molpro;nwchem,ccECP,ccECP,ccECP,,Eu:ccECP,46,17,4,g,s-g;p-g;d-g;f-g,g:4;s-g:2;p-g:2;d-g:2;f-g:2,1;2;3,gamess:167;gaussian:167;molpro:167;nwchem:167,U_l(r) = sum_m c_m r**(N_m-2) exp(-alpha_m r**2),"local channel first, labelled l=LMAX; semi-local channels are U_l - U_LMAX",none: <Element>:<library name> verbatim,PASS,by_element/Eu/Eu.ccECP.cfour
F,9,recipes/F/ccECP,F.ccECP.gamess,gamess,gamess;gaussian;molpro;nwchem,ccECP,ccECP,ccECP,,F:ccECP,2,7,1,p,s-p,p:3;s-p:1,1;2;3,gamess:113;gaussian:97;molpro:113;nwchem:113,U_l(r) = sum_m c_m r**(N_m-2) exp(-alpha_m r**2),"local channel first, labelled l=LMAX; semi-local channels are U_l - U_LMAX",none: <Element>:<library name> verbatim,PASS,by_element/F/F.ccECP.cfour
Fe,26,recipes/Fe/ccECP,Fe.ccECP.gamess,gamess,gamess;gaussian;molpro;nwchem;plain,ccECP,ccECP,ccECP,,Fe:ccECP,10,16,2,d,s-d;p-d,d:4;s-d:2;p-d:2,1;2;3,gamess:150;gaussian:150;molpro:227;nwchem:150;plain:150,U_l(r) = sum_m c_m r**(N_m-2) exp(-alpha_m r**2),"local channel first, labelled l=LMAX; semi-local channels are U_l - U_LMAX",none: <Element>:<library name> verbatim,PASS,by_element/Fe/Fe.ccECP.cfour
Ga,31,recipes/Ga/ccECP,Ga.ccECP.gamess,gamess,gamess;gaussian;molpro;nwchem,ccECP,ccECP,ccECP,,Ga:ccECP,28,3,3,f,s-f;p-f;d-f,f:4;s-f:2;p-f:2;d-f:2,1;2;3,gamess:286;gaussian:247;molpro:286;nwchem:286,U_l(r) = sum_m c_m r**(N_m-2) exp(-alpha_m r**2),"local channel first, labelled l=LMAX; semi-local channels are U_l - U_LMAX",none: <Element>:<library name> verbatim,PASS,by_element/Ga/Ga.ccECP.cfour
Gd,64,recipes/Gd/ccECP,Gd.ccECP.gamess,gamess,gamess;gaussian;molpro;nwchem,ccECP,ccECP,ccECP,,Gd:ccECP,46,18,4,g,s-g;p-g;d-g;f-g,g:4;s-g:2;p-g:2;d-g:2;f-g:2,1;2;3,gamess:171;gaussian:171;molpro:171;nwchem:171,U_l(r) = sum_m c_m r**(N_m-2) exp(-alpha_m r**2),"local channel first, labelled l=LMAX; semi-local channels are U_l - U_LMAX",none: <Element>:<library name> verbatim,PASS,by_element/Gd/Gd.ccECP.cfour
Ge,32,recipes/Ge/ccECP,Ge.ccECP.gamess,gamess,gamess;gaussian;molpro;nwchem,ccECP,ccECP,ccECP,,Ge:ccECP,28,4,3,f,s-f;p-f;d-f,f:4;s-f:2;p-f:2;d-f:2,1;2;3,gamess:247;gaussian:247;molpro:247;nwchem:247,U_l(r) = sum_m c_m r**(N_m-2) exp(-alpha_m r**2),"local channel first, labelled l=LMAX; semi-local channels are U_l - U_LMAX",none: <Element>:<library name> verbatim,PASS,by_element/Ge/Ge.ccECP.cfour
H,1,recipes/H/ccECP,H.ccECP.gamess,gamess,gamess;gaussian;molpro;nwchem,ccECP,ccECP,ccECP,,H:ccECP,0,1,1,p,s-p,p:3;s-p:1,1;2;3,gamess:82;gaussian:72;molpro:82;nwchem:82,U_l(r) = sum_m c_m r**(N_m-2) exp(-alpha_m r**2),"local channel first, labelled l=LMAX; semi-local channels are U_l - U_LMAX",none: <Element>:<library name> verbatim,PASS,by_element/H/H.ccECP.cfour
He,2,recipes/He/ccECP,He.ccECP.gamess,gamess,gamess;gaussian;molpro;nwchem,ccECP,ccECP,ccECP,,He:ccECP,0,2,1,p,s-p,p:3;s-p:1,1;2;3,gamess:23;gaussian:23;molpro:23;nwchem:23,U_l(r) = sum_m c_m r**(N_m-2) exp(-alpha_m r**2),"local channel first, labelled l=LMAX; semi-local channels are U_l - U_LMAX",none: <Element>:<library name> verbatim,PASS,by_element/He/He.ccECP.cfour
I,53,recipes/I/ccECP,I.ccECP.gamess,gamess,gamess;gaussian;molpro;nwchem;plain,ccECP,ccECP,ccECP,,I:ccECP,46,7,3,f,s-f;p-f;d-f,f:4;s-f:2;p-f:2;d-f:2,1;2;3,gamess:134;gaussian:134;molpro:134;nwchem:134;plain:174,U_l(r) = sum_m c_m r**(N_m-2) exp(-alpha_m r**2),"local channel first, labelled l=LMAX; semi-local channels are U_l - U_LMAX",none: <Element>:<library name> verbatim,PASS,by_element/I/I.ccECP.cfour
Ir,77,recipes/Ir/ccECP,Ir.ccECP.gamess,gamess,gamess;gaussian;molpro;nwchem;plain,ccECP,ccECP,ccECP,,Ir:ccECP,60,17,4,g,s-g;p-g;d-g;f-g,g:4;s-g:2;p-g:2;d-g:2;f-g:2,1;2;3,gamess:181;gaussian:181;molpro:181;nwchem:181;plain:227,U_l(r) = sum_m c_m r**(N_m-2) exp(-alpha_m r**2),"local channel first, labelled l=LMAX; semi-local channels are U_l - U_LMAX",none: <Element>:<library name> verbatim,PASS,by_element/Ir/Ir.ccECP.cfour
K,19,recipes/K/ccECP,K.ccECP.gamess,gamess,gamess;gaussian;molpro;nwchem,ccECP,ccECP,ccECP,,K:ccECP,10,9,2,d,s-d;p-d,d:4;s-d:2;p-d:2,1;2;3,gamess:233;gaussian:203;molpro:233;nwchem:233,U_l(r) = sum_m c_m r**(N_m-2) exp(-alpha_m r**2),"local channel first, labelled l=LMAX; semi-local channels are U_l - U_LMAX",none: <Element>:<library name> verbatim,PASS,by_element/K/K.ccECP.cfour
Kr,36,recipes/Kr/ccECP,Kr.ccECP.gamess,gamess,gamess;gaussian;molpro;nwchem,ccECP,ccECP,ccECP,,Kr:ccECP,28,8,3,f,s-f;p-f;d-f,f:4;s-f:2;p-f:2;d-f:2,1;2;3,gamess:290;gaussian:252;molpro:290;nwchem:290,U_l(r) = sum_m c_m r**(N_m-2) exp(-alpha_m r**2),"local channel first, labelled l=LMAX; semi-local channels are U_l - U_LMAX",none: <Element>:<library name> verbatim,PASS,by_element/Kr/Kr.ccECP.cfour
La,57,recipes/La/ccECP,La.ccECP.gamess,gamess,gamess;gaussian;molpro;nwchem,ccECP,ccECP,ccECP,,La:ccECP,46,11,4,g,s-g;p-g;d-g;f-g,g:4;s-g:2;p-g:2;d-g:2;f-g:2,1;2;3,gamess:125;gaussian:125;molpro:125;nwchem:125,U_l(r) = sum_m c_m r**(N_m-2) exp(-alpha_m r**2),"local channel first, labelled l=LMAX; semi-local channels are U_l - U_LMAX",none: <Element>:<library name> verbatim,PASS,by_element/La/La.ccECP.cfour
Li,3,recipes/Li/ccECP,Li.ccECP.gamess,gamess,gamess;gaussian;molpro;nwchem,ccECP,ccECP,ccECP,,Li:ccECP,2,1,1,p,s-p,p:3;s-p:1,1;2;3,gamess:80;gaussian:70;molpro:80;nwchem:80,U_l(r) = sum_m c_m r**(N_m-2) exp(-alpha_m r**2),"local channel first, labelled l=LMAX; semi-local channels are U_l - U_LMAX",none: <Element>:<library name> verbatim,PASS,by_element/Li/Li.ccECP.cfour
Mg,12,recipes/Mg/ccECP,Mg.ccECP.gamess,gamess,gamess;gaussian;molpro;nwchem;plain,ccECP,ccECP,ccECP,,Mg:ccECP,10,2,2,d,s-d;p-d,d:3;s-d:2;p-d:2,1;2;3,gamess:95;gaussian:95;molpro:95;nwchem:95;plain:95,U_l(r) = sum_m c_m r**(N_m-2) exp(-alpha_m r**2),"local channel first, labelled l=LMAX; semi-local channels are U_l - U_LMAX",none: <Element>:<library name> verbatim,PASS,by_element/Mg/Mg.ccECP.cfour
Mn,25,recipes/Mn/ccECP,Mn.ccECP.gamess,gamess,gamess;gaussian;molpro;nwchem;plain,ccECP,ccECP,ccECP,,Mn:ccECP,10,15,2,d,s-d;p-d,d:4;s-d:2;p-d:2,1;2;3,gamess:149;gaussian:149;molpro:229;nwchem:149;plain:149,U_l(r) = sum_m c_m r**(N_m-2) exp(-alpha_m r**2),"local channel first, labelled l=LMAX; semi-local channels are U_l - U_LMAX",none: <Element>:<library name> verbatim,PASS,by_element/Mn/Mn.ccECP.cfour
Mo,42,recipes/Mo/ccECP,Mo.ccECP.gamess,gamess,gamess;gaussian;molpro;nwchem;plain,ccECP,ccECP,ccECP,,Mo:ccECP,28,14,3,f,s-f;p-f;d-f,f:4;s-f:3;p-f:3;d-f:3,1;2;3,gamess:191;gaussian:191;molpro:191;nwchem:191;plain:191,U_l(r) = sum_m c_m r**(N_m-2) exp(-alpha_m r**2),"local channel first, labelled l=LMAX; semi-local channels are U_l - U_LMAX",none: <Element>:<library name> verbatim,PASS,by_element/Mo/Mo.ccECP.cfour
N,7,recipes/N/ccECP,N.ccECP.gamess,gamess,gamess;gaussian;molpro;nwchem;plain,ccECP,ccECP,ccECP,,N:ccECP,2,5,1,p,s-p,p:6;s-p:2,1;2;3,gamess:97;gaussian:97;molpro:97;nwchem:97;plain:97,U_l(r) = sum_m c_m r**(N_m-2) exp(-alpha_m r**2),"local channel first, labelled l=LMAX; semi-local channels are U_l - U_LMAX",none: <Element>:<library name> verbatim,PASS,by_element/N/N.ccECP.cfour
Na,11,recipes/Na/ccECP,Na.ccECP.gamess,gamess,gamess;gaussian;molpro;nwchem;plain,ccECP,ccECP,ccECP,,Na:ccECP,10,1,2,d,s-d;p-d,d:3;s-d:2;p-d:2,1;2;3,gamess:91;gaussian:91;molpro:91;nwchem:91;plain:91,U_l(r) = sum_m c_m r**(N_m-2) exp(-alpha_m r**2),"local channel first, labelled l=LMAX; semi-local channels are U_l - U_LMAX",none: <Element>:<library name> verbatim,PASS,by_element/Na/Na.ccECP.cfour
Nb,41,recipes/Nb/ccECP,Nb.ccECP.gamess,gamess,gamess;gaussian;molpro;nwchem,ccECP,ccECP,ccECP,,Nb:ccECP,28,13,3,f,s-f;p-f;d-f,f:4;s-f:2;p-f:2;d-f:2,1;2;3,gamess:146;gaussian:146;molpro:146;nwchem:146,U_l(r) = sum_m c_m r**(N_m-2) exp(-alpha_m r**2),"local channel first, labelled l=LMAX; semi-local channels are U_l - U_LMAX",none: <Element>:<library name> verbatim,PASS,by_element/Nb/Nb.ccECP.cfour
Ne,10,recipes/Ne/ccECP,Ne.ccECP.gamess,gamess,gamess;gaussian;molpro;nwchem,ccECP,ccECP,ccECP,,Ne:ccECP,2,8,1,p,s-p,p:3;s-p:1,1;2;3,gamess:111;gaussian:99;molpro:111;nwchem:111,U_l(r) = sum_m c_m r**(N_m-2) exp(-alpha_m r**2),"local channel first, labelled l=LMAX; semi-local channels are U_l - U_LMAX",none: <Element>:<library name> verbatim,PASS,by_element/Ne/Ne.ccECP.cfour
Ni,28,recipes/Ni/ccECP,Ni.ccECP.gamess,gamess,gamess;gaussian;molpro;nwchem;plain,ccECP,ccECP,ccECP,,Ni:ccECP,10,18,2,d,s-d;p-d,d:4;s-d:2;p-d:2,1;2;3,gamess:224;gaussian:214;molpro:224;nwchem:224;plain:224,U_l(r) = sum_m c_m r**(N_m-2) exp(-alpha_m r**2),"local channel first, labelled l=LMAX; semi-local channels are U_l - U_LMAX",none: <Element>:<library name> verbatim,PASS,by_element/Ni/Ni.ccECP.cfour
O,8,recipes/O/ccECP,O.ccECP.gamess,gamess,gamess;gaussian;molpro;nwchem;plain,ccECP,ccECP,ccECP,,O:ccECP,2,6,1,p,s-p,p:3;s-p:1,1;2;3,gamess:48;gaussian:48;molpro:48;nwchem:48;plain:48,U_l(r) = sum_m c_m r**(N_m-2) exp(-alpha_m r**2),"local channel first, labelled l=LMAX; semi-local channels are U_l - U_LMAX",none: <Element>:<library name> verbatim,PASS,by_element/O/O.ccECP.cfour
P,15,recipes/P/ccECP,P.ccECP.gamess,gamess,gamess;gaussian;molpro;nwchem,ccECP,ccECP,ccECP,,P:ccECP,10,5,2,d,s-d;p-d,d:3;s-d:2;p-d:2,1;2;3,gamess:97;gaussian:97;molpro:97;nwchem:97,U_l(r) = sum_m c_m r**(N_m-2) exp(-alpha_m r**2),"local channel first, labelled l=LMAX; semi-local channels are U_l - U_LMAX",none: <Element>:<library name> verbatim,PASS,by_element/P/P.ccECP.cfour
Pb,82,recipes/Pb/ccECP,Pb.ccECP.gamess,gamess,gamess;gaussian;molpro;nwchem,ccECP,ccECP,ccECP,,Pb:ccECP,78,4,4,g,s-g;p-g;d-g;f-g,g:4;s-g:2;p-g:2;d-g:2;f-g:2,1;2;3,gamess:150;gaussian:150;molpro:150;nwchem:150,U_l(r) = sum_m c_m r**(N_m-2) exp(-alpha_m r**2),"local channel first, labelled l=LMAX; semi-local channels are U_l - U_LMAX",none: <Element>:<library name> verbatim,PASS,by_element/Pb/Pb.ccECP.cfour
Pd,46,recipes/Pd/ccECP,Pd.ccECP.gamess,gamess,gamess;gaussian;molpro;nwchem;plain,ccECP,ccECP,ccECP,,Pd:ccECP,28,18,3,f,s-f;p-f;d-f,f:4;s-f:3;p-f:3;d-f:3,1;2;3,gamess:194;gaussian:194;molpro:194;nwchem:194;plain:244,U_l(r) = sum_m c_m r**(N_m-2) exp(-alpha_m r**2),"local channel first, labelled l=LMAX; semi-local channels are U_l - U_LMAX",none: <Element>:<library name> verbatim,PASS,by_element/Pd/Pd.ccECP.cfour
Pt,78,recipes/Pt/ccECP,Pt.ccECP.gamess,gamess,gamess;gaussian;molpro;nwchem,ccECP,ccECP,ccECP,,Pt:ccECP,60,18,4,g,s-g;p-g;d-g;f-g,g:4;s-g:3;p-g:3;d-g:3;f-g:3,1;2;3,gamess:220;gaussian:220;molpro:220;nwchem:220,U_l(r) = sum_m c_m r**(N_m-2) exp(-alpha_m r**2),"local channel first, labelled l=LMAX; semi-local channels are U_l - U_LMAX",none: <Element>:<library name> verbatim,PASS,by_element/Pt/Pt.ccECP.cfour
Rb,37,recipes/Rb/ccECP,Rb.ccECP.gamess,gamess,gamess;gaussian;molpro;nwchem,ccECP,ccECP,ccECP,,Rb:ccECP,28,9,3,f,s-f;p-f;d-f,f:4;s-f:2;p-f:2;d-f:2,1;2;3,gamess:135;gaussian:135;molpro:135;nwchem:135,U_l(r) = sum_m c_m r**(N_m-2) exp(-alpha_m r**2),"local channel first, labelled l=LMAX; semi-local channels are U_l - U_LMAX",none: <Element>:<library name> verbatim,PASS,by_element/Rb/Rb.ccECP.cfour
Re,75,recipes/Re/ccECP,Re.ccECP.gamess,gamess,gamess;gaussian;molpro;nwchem,ccECP,ccECP,ccECP,,Re:ccECP,60,15,4,g,s-g;p-g;d-g;f-g,g:4;s-g:2;p-g:2;d-g:2;f-g:2,1;2;3,gamess:178;gaussian:178;molpro:178;nwchem:178,U_l(r) = sum_m c_m r**(N_m-2) exp(-alpha_m r**2),"local channel first, labelled l=LMAX; semi-local channels are U_l - U_LMAX",none: <Element>:<library name> verbatim,PASS,by_element/Re/Re.ccECP.cfour
Rh,45,recipes/Rh/ccECP,Rh.ccECP.gamess,gamess,gamess;gaussian;molpro;nwchem,ccECP,ccECP,ccECP,,Rh:ccECP,28,17,3,f,s-f;p-f;d-f,f:4;s-f:2;p-f:2;d-f:2,1;2;3,gamess:149;gaussian:149;molpro:149;nwchem:149,U_l(r) = sum_m c_m r**(N_m-2) exp(-alpha_m r**2),"local channel first, labelled l=LMAX; semi-local channels are U_l - U_LMAX",none: <Element>:<library name> verbatim,PASS,by_element/Rh/Rh.ccECP.cfour
Ru,44,recipes/Ru/ccECP,Ru.ccECP.gamess,gamess,gamess;gaussian;molpro;nwchem,ccECP,ccECP,ccECP,,Ru:ccECP,28,16,3,f,s-f;p-f;d-f,f:4;s-f:2;p-f:2;d-f:2,1;2;3,gamess:149;gaussian:149;molpro:149;nwchem:149,U_l(r) = sum_m c_m r**(N_m-2) exp(-alpha_m r**2),"local channel first, labelled l=LMAX; semi-local channels are U_l - U_LMAX",none: <Element>:<library name> verbatim,PASS,by_element/Ru/Ru.ccECP.cfour
S,16,recipes/S/ccECP,S.ccECP.gamess,gamess,gamess;gaussian;molpro;nwchem,ccECP,ccECP,ccECP,,S:ccECP,10,6,2,d,s-d;p-d,d:3;s-d:2;p-d:2,1;2;3,gamess:99;gaussian:99;molpro:99;nwchem:99,U_l(r) = sum_m c_m r**(N_m-2) exp(-alpha_m r**2),"local channel first, labelled l=LMAX; semi-local channels are U_l - U_LMAX",none: <Element>:<library name> verbatim,PASS,by_element/S/S.ccECP.cfour
Sb,51,recipes/Sb/ccECP,Sb.ccECP.gamess,gamess,gamess;gaussian;molpro;nwchem,ccECP,ccECP,ccECP,,Sb:ccECP,46,5,3,f,s-f;p-f;d-f,f:4;s-f:2;p-f:2;d-f:2,1;2;3,gamess:113;gaussian:113;molpro:113;nwchem:113,U_l(r) = sum_m c_m r**(N_m-2) exp(-alpha_m r**2),"local channel first, labelled l=LMAX; semi-local channels are U_l - U_LMAX",none: <Element>:<library name> verbatim,PASS,by_element/Sb/Sb.ccECP.cfour
Sc,21,recipes/Sc/ccECP,Sc.ccECP.gamess,gamess,gamess;gaussian;molpro;nwchem;plain,ccECP,ccECP,ccECP,,Sc:ccECP,10,11,2,d,s-d;p-d,d:4;s-d:2;p-d:2,1;2;3,gamess:147;gaussian:147;molpro:223;nwchem:147;plain:147,U_l(r) = sum_m c_m r**(N_m-2) exp(-alpha_m r**2),"local channel first, labelled l=LMAX; semi-local channels are U_l - U_LMAX",none: <Element>:<library name> verbatim,PASS,by_element/Sc/Sc.ccECP.cfour
Se,34,recipes/Se/ccECP,Se.ccECP.gamess,gamess,gamess;gaussian;molpro;nwchem,ccECP,ccECP,ccECP,,Se:ccECP,28,6,3,f,s-f;p-f;d-f,f:4;s-f:2;p-f:2;d-f:2,1;2;3,gamess:288;gaussian:250;molpro:288;nwchem:288,U_l(r) = sum_m c_m r**(N_m-2) exp(-alpha_m r**2),"local channel first, labelled l=LMAX; semi-local channels are U_l - U_LMAX",none: <Element>:<library name> verbatim,PASS,by_element/Se/Se.ccECP.cfour
Si,14,recipes/Si/ccECP,Si.ccECP.gamess,gamess,gamess;gaussian;molpro;nwchem,ccECP,ccECP,ccECP,,Si:ccECP,10,4,2,d,s-d;p-d,d:3;s-d:2;p-d:2,1;2;3,gamess:93;gaussian:93;molpro:93;nwchem:93,U_l(r) = sum_m c_m r**(N_m-2) exp(-alpha_m r**2),"local channel first, labelled l=LMAX; semi-local channels are U_l - U_LMAX",none: <Element>:<library name> verbatim,PASS,by_element/Si/Si.ccECP.cfour
Sn,50,recipes/Sn/ccECP,Sn.ccECP.gamess,gamess,gamess;gaussian;molpro;nwchem,ccECP,ccECP,ccECP,,Sn:ccECP,46,4,3,f,s-f;p-f;d-f,f:4;s-f:2;p-f:2;d-f:2,1;2;3,gamess:73;gaussian:73;molpro:73;nwchem:73,U_l(r) = sum_m c_m r**(N_m-2) exp(-alpha_m r**2),"local channel first, labelled l=LMAX; semi-local channels are U_l - U_LMAX",none: <Element>:<library name> verbatim,PASS,by_element/Sn/Sn.ccECP.cfour
Ta,73,recipes/Ta/ccECP,Ta.ccECP.gamess,gamess,gamess;gaussian;molpro;nwchem,ccECP,ccECP,ccECP,,Ta:ccECP,60,13,4,g,s-g;p-g;d-g;f-g,g:4;s-g:4;p-g:4;d-g:4;f-g:2,1;2;3;4,gamess:254;gaussian:254;molpro:254;nwchem:254,U_l(r) = sum_m c_m r**(N_m-2) exp(-alpha_m r**2),"local channel first, labelled l=LMAX; semi-local channels are U_l - U_LMAX",none: <Element>:<library name> verbatim,PASS,by_element/Ta/Ta.ccECP.cfour
Tb,65,recipes/Tb/ccECP,Tb.ccECP.gamess,gamess,gamess;gaussian;molpro;nwchem,ccECP,ccECP,ccECP,,Tb:ccECP,46,19,4,g,s-g;p-g;d-g;f-g,g:4;s-g:2;p-g:2;d-g:2;f-g:2,1;2;3,gamess:170;gaussian:170;molpro:170;nwchem:170,U_l(r) = sum_m c_m r**(N_m-2) exp(-alpha_m r**2),"local channel first, labelled l=LMAX; semi-local channels are U_l - U_LMAX",none: <Element>:<library name> verbatim,PASS,by_element/Tb/Tb.ccECP.cfour
Te,52,recipes/Te/ccECP,Te.ccECP.gamess,gamess,gamess;gaussian;molpro;nwchem;plain,ccECP,ccECP,ccECP,,Te:ccECP,46,6,3,f,s-f;p-f;d-f,f:3;s-f:2;p-f:4;d-f:2,1;2;3,gamess:131;gaussian:131;molpro:131;nwchem:131;plain:141,U_l(r) = sum_m c_m r**(N_m-2) exp(-alpha_m r**2),"local channel first, labelled l=LMAX; semi-local channels are U_l - U_LMAX",none: <Element>:<library name> verbatim,PASS,by_element/Te/Te.ccECP.cfour
Ti,22,recipes/Ti/ccECP,Ti.ccECP.gamess,gamess,gamess;gaussian;molpro;nwchem;plain,ccECP,ccECP,ccECP,,Ti:ccECP,10,12,2,d,s-d;p-d,d:4;s-d:2;p-d:2,1;2;3,gamess:148;gaussian:148;molpro:222;nwchem:148;plain:148,U_l(r) = sum_m c_m r**(N_m-2) exp(-alpha_m r**2),"local channel first, labelled l=LMAX; semi-local channels are U_l - U_LMAX",none: <Element>:<library name> verbatim,PASS,by_element/Ti/Ti.ccECP.cfour
V,23,recipes/V/ccECP,V.ccECP.gamess,gamess,gamess;gaussian;molpro;nwchem;plain,ccECP,ccECP,ccECP,,V:ccECP,10,13,2,d,s-d;p-d,d:4;s-d:2;p-d:2,1;2;3,gamess:147;gaussian:147;molpro:240;nwchem:147;plain:147,U_l(r) = sum_m c_m r**(N_m-2) exp(-alpha_m r**2),"local channel first, labelled l=LMAX; semi-local channels are U_l - U_LMAX",none: <Element>:<library name> verbatim,PASS,by_element/V/V.ccECP.cfour
W,74,recipes/W/ccECP,W.ccECP.gamess,gamess,gamess;gaussian;molpro;nwchem;plain,ccECP,ccECP,ccECP,,W:ccECP,60,14,4,g,s-g;p-g;d-g;f-g,g:4;s-g:2;p-g:3;d-g:3;f-g:2,1;2;3;4,gamess:195;gaussian:195;molpro:195;nwchem:195;plain:195,U_l(r) = sum_m c_m r**(N_m-2) exp(-alpha_m r**2),"local channel first, labelled l=LMAX; semi-local channels are U_l - U_LMAX",none: <Element>:<library name> verbatim,PASS,by_element/W/W.ccECP.cfour
Y,39,recipes/Y/ccECP,Y.ccECP.gamess,gamess,gamess;gaussian;molpro;nwchem,ccECP,ccECP,ccECP,,Y:ccECP,28,11,3,f,s-f;p-f;d-f,f:4;s-f:2;p-f:2;d-f:2,1;2;3,gamess:144;gaussian:144;molpro:144;nwchem:144,U_l(r) = sum_m c_m r**(N_m-2) exp(-alpha_m r**2),"local channel first, labelled l=LMAX; semi-local channels are U_l - U_LMAX",none: <Element>:<library name> verbatim,PASS,by_element/Y/Y.ccECP.cfour
Zn,30,recipes/Zn/ccECP,Zn.ccECP.gamess,gamess,gamess;gaussian;molpro;nwchem;plain,ccECP,ccECP,ccECP,,Zn:ccECP,10,20,2,d,s-d;p-d,d:4;s-d:2;p-d:2,1;2;3,gamess:152;gaussian:152;molpro:240;nwchem:152;plain:152,U_l(r) = sum_m c_m r**(N_m-2) exp(-alpha_m r**2),"local channel first, labelled l=LMAX; semi-local channels are U_l - U_LMAX",none: <Element>:<library name> verbatim,PASS,by_element/Zn/Zn.ccECP.cfour
Zr,40,recipes/Zr/ccECP,Zr.ccECP.gamess,gamess,gamess;gaussian;molpro;nwchem,ccECP,ccECP,ccECP,,Zr:ccECP,28,12,3,f,s-f;p-f;d-f,f:4;s-f:2;p-f:2;d-f:2,1;2;3,gamess:143;gaussian:143;molpro:143;nwchem:143,U_l(r) = sum_m c_m r**(N_m-2) exp(-alpha_m r**2),"local channel first, labelled l=LMAX; semi-local channels are U_l - U_LMAX",none: <Element>:<library name> verbatim,PASS,by_element/Zr/Zr.ccECP.cfour
