element,atomic_number,recipe_dir,library_family,ecp_source_files,ecp_source_used,ncore,n_explicit_electrons,lmax,local_ecp_channel,nonlocal_ecp_channels,n_basis_sets,basis_names,basis_source_formats,ecp_validation,anomalies
Ag,47,recipes/Ag/ccECP,ccECP,gamess=Ag.ccECP.gamess;gaussian=Ag.ccECP.gaussian;molpro=Ag.ccECP.molpro;nwchem=Ag.ccECP.nwchem;plain=Ag.ccECP,Ag.ccECP.gamess,28,19,3,f,s-f;p-f;d-f,16,aug-cc-pCV5Z;aug-cc-pCVDZ;aug-cc-pCVQZ;aug-cc-pCVTZ;aug-cc-pV5Z;aug-cc-pVDZ;aug-cc-pVQZ;aug-cc-pVTZ;cc-pCV5Z;cc-pCVDZ;cc-pCVQZ;cc-pCVTZ;cc-pV5Z;cc-pVDZ;cc-pVQZ;cc-pVTZ,dirac;gamess;gaussian;molpro;nwchem,PASS,library files present but not used: Ag.ccECP.AREP.rpt;Ag.ccECP.AREP.upf;Ag.ccECP.AREP.xml;Ag.ccECP.SOREP.rpt;Ag.ccECP.SOREP.upf;Ag.ccECP.SOREP.xml;Ag.ccECP.dirac;autoauxc_jobs
Al,13,recipes/Al/ccECP,ccECP,gamess=Al.ccECP.gamess;gaussian=Al.ccECP.gaussian;molpro=Al.ccECP.molpro;nwchem=Al.ccECP.nwchem,Al.ccECP.gamess,10,3,2,d,s-d;p-d,10,aug-cc-pV5Z;aug-cc-pV6Z;aug-cc-pVDZ;aug-cc-pVQZ;aug-cc-pVTZ;cc-pV5Z;cc-pV6Z;cc-pVDZ;cc-pVQZ;cc-pVTZ,gamess;gaussian;molpro;nwchem,PASS,library files present but not used: Al.ccECP.rpt;Al.ccECP.upf;Al.ccECP.xml;autoauxc_jobs
Ar,18,recipes/Ar/ccECP,ccECP,gamess=Ar.ccECP.gamess;gaussian=Ar.ccECP.gaussian;molpro=Ar.ccECP.molpro;nwchem=Ar.ccECP.nwchem,Ar.ccECP.gamess,10,8,2,d,s-d;p-d,10,aug-cc-pV5Z;aug-cc-pV6Z;aug-cc-pVDZ;aug-cc-pVQZ;aug-cc-pVTZ;cc-pV5Z;cc-pV6Z;cc-pVDZ;cc-pVQZ;cc-pVTZ,gamess;gaussian;molpro;nwchem,PASS,library files present but not used: Ar.ccECP.rpt;Ar.ccECP.upf;Ar.ccECP.xml;autoauxc_jobs
As,33,recipes/As/ccECP,ccECP,gamess=As.ccECP.gamess;gaussian=As.ccECP.gaussian;molpro=As.ccECP.molpro;nwchem=As.ccECP.nwchem,As.ccECP.gamess,28,5,3,f,s-f;p-f;d-f,10,aug-cc-pV5Z;aug-cc-pV6Z;aug-cc-pVDZ;aug-cc-pVQZ;aug-cc-pVTZ;cc-pV5Z;cc-pV6Z;cc-pVDZ;cc-pVQZ;cc-pVTZ,gamess;gaussian;molpro;nwchem,PASS,library files present but not used: As.ccECP.rpt;As.ccECP.upf;As.ccECP.xml;autoauxc_jobs
Au,79,recipes/Au/ccECP,ccECP,gamess=Au.ccECP.gamess;gaussian=Au.ccECP.gaussian;molpro=Au.ccECP.molpro;nwchem=Au.ccECP.nwchem;plain=Au.ccECP,Au.ccECP.gamess,60,19,4,g,s-g;p-g;d-g;f-g,16,aug-cc-pCV5Z;aug-cc-pCVDZ;aug-cc-pCVQZ;aug-cc-pCVTZ;aug-cc-pV5Z;aug-cc-pVDZ;aug-cc-pVQZ;aug-cc-pVTZ;cc-pCV5Z;cc-pCVDZ;cc-pCVQZ;cc-pCVTZ;cc-pV5Z;cc-pVDZ;cc-pVQZ;cc-pVTZ,dirac;gamess;gaussian;molpro;nwchem,PASS,library files present but not used: Au.ccECP.AREP.rpt;Au.ccECP.AREP.upf;Au.ccECP.AREP.xml;Au.ccECP.SOREP.rpt;Au.ccECP.SOREP.upf;Au.ccECP.SOREP.xml;Au.ccECP.dirac;autoauxc_jobs
B,5,recipes/B/ccECP,ccECP,gamess=B.ccECP.gamess;gaussian=B.ccECP.gaussian;molpro=B.ccECP.molpro;nwchem=B.ccECP.nwchem;plain=B.ccECP,B.ccECP.gamess,2,3,1,p,s-p,10,aug-cc-pV5Z;aug-cc-pV6Z;aug-cc-pVDZ;aug-cc-pVQZ;aug-cc-pVTZ;cc-pV5Z;cc-pV6Z;cc-pVDZ;cc-pVQZ;cc-pVTZ,gamess;gaussian;molpro;nwchem,PASS,library files present but not used: B.ccECP.rpt;B.ccECP.upf;B.ccECP.xml;autoauxc_jobs
Ba,56,recipes/Ba/ccECP,ccECP,gamess=Ba.ccECP.gamess;gaussian=Ba.ccECP.gaussian;molpro=Ba.ccECP.molpro;nwchem=Ba.ccECP.nwchem,Ba.ccECP.gamess,46,10,4,g,s-g;p-g;d-g;f-g,16,aug-cc-pCV5Z;aug-cc-pCVDZ;aug-cc-pCVQZ;aug-cc-pCVTZ;aug-cc-pV5Z;aug-cc-pVDZ;aug-cc-pVQZ;aug-cc-pVTZ;cc-pCV5Z;cc-pCVDZ;cc-pCVQZ;cc-pCVTZ;cc-pV5Z;cc-pVDZ;cc-pVQZ;cc-pVTZ,dirac;gamess;gaussian;molpro;nwchem,PASS,library files present but not used: Ba.ccECP.AREP.rpt;Ba.ccECP.AREP.upf;Ba.ccECP.AREP.xml;Ba.ccECP.SOREP.rpt;Ba.ccECP.SOREP.upf;Ba.ccECP.SOREP.xml;Ba.ccECP.dirac;autoauxc_jobs
Be,4,recipes/Be/ccECP,ccECP,gamess=Be.ccECP.gamess;gaussian=Be.ccECP.gaussian;molpro=Be.ccECP.molpro;nwchem=Be.ccECP.nwchem,Be.ccECP.gamess,2,2,1,p,s-p,10,aug-cc-pV5Z;aug-cc-pV6Z;aug-cc-pVDZ;aug-cc-pVQZ;aug-cc-pVTZ;cc-pV5Z;cc-pV6Z;cc-pVDZ;cc-pVQZ;cc-pVTZ,gamess;gaussian;molpro;nwchem,PASS,library files present but not used: Be.ccECP.rpt;Be.ccECP.upf;Be.ccECP.xml;autoauxc_jobs
Bi,83,recipes/Bi/ccECP,ccECP,gamess=Bi.ccECP.gamess;gaussian=Bi.ccECP.gaussian;molpro=Bi.ccECP.molpro;nwchem=Bi.ccECP.nwchem;plain=Bi.ccECP,Bi.ccECP.gamess,78,5,4,g,s-g;p-g;d-g;f-g,10,aug-cc-pV5Z;aug-cc-pV6Z;aug-cc-pVDZ;aug-cc-pVQZ;aug-cc-pVTZ;cc-pV5Z;cc-pV6Z;cc-pVDZ;cc-pVQZ;cc-pVTZ,dirac;gamess;gaussian;molpro;nwchem,PASS,library files present but not used: Bi.ccECP.AREP.rpt;Bi.ccECP.AREP.upf;Bi.ccECP.AREP.xml;Bi.ccECP.SOREP.rpt;Bi.ccECP.SOREP.upf;Bi.ccECP.SOREP.xml;Bi.ccECP.dirac;autoauxc_jobs
Br,35,recipes/Br/ccECP,ccECP,gamess=Br.ccECP.gamess;gaussian=Br.ccECP.gaussian;molpro=Br.ccECP.molpro;nwchem=Br.ccECP.nwchem,Br.ccECP.gamess,28,7,3,f,s-f;p-f;d-f,10,aug-cc-pV5Z;aug-cc-pV6Z;aug-cc-pVDZ;aug-cc-pVQZ;aug-cc-pVTZ;cc-pV5Z;cc-pV6Z;cc-pVDZ;cc-pVQZ;cc-pVTZ,gamess;gaussian;molpro;nwchem,PASS,library files present but not used: Br.ccECP.rpt;Br.ccECP.upf;Br.ccECP.xml;autoauxc_jobs
C,6,recipes/C/ccECP,ccECP,gamess=C.ccECP.gamess;gaussian=C.ccECP.gaussian;molpro=C.ccECP.molpro;nwchem=C.ccECP.nwchem;plain=C.ccECP,C.ccECP.gamess,2,4,1,p,s-p,10,aug-cc-pV5Z;aug-cc-pV6Z;aug-cc-pVDZ;aug-cc-pVQZ;aug-cc-pVTZ;cc-pV5Z;cc-pV6Z;cc-pVDZ;cc-pVQZ;cc-pVTZ,gamess;gaussian;molpro;nwchem,PASS,library files present but not used: C.ccECP.rpt;C.ccECP.upf;C.ccECP.xml;autoauxc_jobs
Ca,20,recipes/Ca/ccECP,ccECP,gamess=Ca.ccECP.gamess;gaussian=Ca.ccECP.gaussian;molpro=Ca.ccECP.molpro;nwchem=Ca.ccECP.nwchem,Ca.ccECP.gamess,10,10,2,d,s-d;p-d,20,aug-cc-pCV5Z;aug-cc-pCV6Z;aug-cc-pCVDZ;aug-cc-pCVQZ;aug-cc-pCVTZ;aug-cc-pV5Z;aug-cc-pV6Z;aug-cc-pVDZ;aug-cc-pVQZ;aug-cc-pVTZ;cc-pCV5Z;cc-pCV6Z;cc-pCVDZ;cc-pCVQZ;cc-pCVTZ;cc-pV5Z;cc-pV6Z;cc-pVDZ;cc-pVQZ;cc-pVTZ,gamess;gaussian;molpro;nwchem,PASS,library files present but not used: Ca.ccECP.rpt;Ca.ccECP.upf;Ca.ccECP.xml;autoauxc_jobs
Cd,48,recipes/Cd/ccECP,ccECP,gamess=Cd.ccECP.gamess;gaussian=Cd.ccECP.gaussian;molpro=Cd.ccECP.molpro;nwchem=Cd.ccECP.nwchem,Cd.ccECP.gamess,28,20,3,f,s-f;p-f;d-f,16,aug-cc-pCV5Z;aug-cc-pCVDZ;aug-cc-pCVQZ;aug-cc-pCVTZ;aug-cc-pV5Z;aug-cc-pVDZ;aug-cc-pVQZ;aug-cc-pVTZ;cc-pCV5Z;cc-pCVDZ;cc-pCVQZ;cc-pCVTZ;cc-pV5Z;cc-pVDZ;cc-pVQZ;cc-pVTZ,dirac;gamess;gaussian;molpro;nwchem,PASS,library files present but not used: Cd.ccECP.AREP.rpt;Cd.ccECP.AREP.upf;Cd.ccECP.AREP.xml;Cd.ccECP.SOREP.rpt;Cd.ccECP.SOREP.upf;Cd.ccECP.SOREP.xml;Cd.ccECP.dirac;autoauxc_jobs
Ce,58,recipes/Ce/ccECP,ccECP,gamess=Ce.ccECP.gamess;gaussian=Ce.ccECP.gaussian;molpro=Ce.ccECP.molpro;nwchem=Ce.ccECP.nwchem,Ce.ccECP.gamess,46,12,4,g,s-g;p-g;d-g;f-g,12,aug-cc-pCVDZ;aug-cc-pCVQZ;aug-cc-pCVTZ;aug-cc-pVDZ;aug-cc-pVQZ;aug-cc-pVTZ;cc-pCVDZ;cc-pCVQZ;cc-pCVTZ;cc-pVDZ;cc-pVQZ;cc-pVTZ,dirac;gamess;gaussian;molpro;nwchem,PASS,library files present but not used: Ce.ccECP.AREP.rpt;Ce.ccECP.AREP.upf;Ce.ccECP.AREP.xml;Ce.ccECP.SOREP.rpt;Ce.ccECP.SOREP.upf;Ce.ccECP.SOREP.xml;Ce.ccECP.dirac;autoauxc_jobs
Cl,17,recipes/Cl/ccECP,ccECP,gamess=Cl.ccECP.gamess;gaussian=Cl.ccECP.gaussian;molpro=Cl.ccECP.molpro;nwchem=Cl.ccECP.nwchem,Cl.ccECP.gamess,10,7,2,d,s-d;p-d,10,aug-cc-pV5Z;aug-cc-pV6Z;aug-cc-pVDZ;aug-cc-pVQZ;aug-cc-pVTZ;cc-pV5Z;cc-pV6Z;cc-pVDZ;cc-pVQZ;cc-pVTZ,gamess;gaussian;molpro;nwchem,PASS,library files present but not used: Cl.ccECP.rpt;Cl.ccECP.upf;Cl.ccECP.xml;autoauxc_jobs
Co,27,recipes/Co/ccECP,ccECP,gamess=Co.ccECP.gamess;gaussian=Co.ccECP.gaussian;molpro=Co.ccECP.molpro;nwchem=Co.ccECP.nwchem;plain=Co.ccECP,Co.ccECP.gamess,10,17,2,d,s-d;p-d,16,aug-cc-pCV5Z;aug-cc-pCVDZ;aug-cc-pCVQZ;aug-cc-pCVTZ;aug-cc-pV5Z;aug-cc-pVDZ;aug-cc-pVQZ;aug-cc-pVTZ;cc-pCV5Z;cc-pCVDZ;cc-pCVQZ;cc-pCVTZ;cc-pV5Z;cc-pVDZ;cc-pVQZ;cc-pVTZ,gamess;gaussian;molpro;nwchem,PASS,library files present but not used: Co.ccECP.rpt_deprecated;Co.ccECP.upf_deprecated;Co.ccECP.xml;autoauxc_jobs
Cr,24,recipes/Cr/ccECP,ccECP,gamess=Cr.ccECP.gamess;gaussian=Cr.ccECP.gaussian;molpro=Cr.ccECP.molpro;nwchem=Cr.ccECP.nwchem;plain=Cr.ccECP,Cr.ccECP.gamess,10,14,2,d,s-d;p-d,16,aug-cc-pCV5Z;aug-cc-pCVDZ;aug-cc-pCVQZ;aug-cc-pCVTZ;aug-cc-pV5Z;aug-cc-pVDZ;aug-cc-pVQZ;aug-cc-pVTZ;cc-pCV5Z;cc-pCVDZ;cc-pCVQZ;cc-pCVTZ;cc-pV5Z;cc-pVDZ;cc-pVQZ;cc-pVTZ,gamess;gaussian;molpro;nwchem,PASS,library files present but not used: Cr.ccECP.rpt;Cr.ccECP.upf;Cr.ccECP.xml;autoauxc_jobs
Cs,55,recipes/Cs/ccECP,ccECP,gamess=Cs.ccECP.gamess;gaussian=Cs.ccECP.gaussian;molpro=Cs.ccECP.molpro;nwchem=Cs.ccECP.nwchem,Cs.ccECP.gamess,46,9,3,f,s-f;p-f;d-f,16,aug-cc-pCV5Z;aug-cc-pCVDZ;aug-cc-pCVQZ;aug-cc-pCVTZ;aug-cc-pV5Z;aug-cc-pVDZ;aug-cc-pVQZ;aug-cc-pVTZ;cc-pCV5Z;cc-pCVDZ;cc-pCVQZ;cc-pCVTZ;cc-pV5Z;cc-pVDZ;cc-pVQZ;cc-pVTZ,dirac;gamess;gaussian;molpro;nwchem,PASS,library files present but not used: Cs.ccECP.AREP.rpt;Cs.ccECP.AREP.upf;Cs.ccECP.AREP.xml;Cs.ccECP.SOREP.rpt;Cs.ccECP.SOREP.upf;Cs.ccECP.SOREP.xml;Cs.ccECP.dirac;autoauxc_jobs
Cu,29,recipes/Cu/ccECP,ccECP,gamess=Cu.ccECP.gamess;gaussian=Cu.ccECP.gaussian;molpro=Cu.ccECP.molpro;nwchem=Cu.ccECP.nwchem;plain=Cu.ccECP,Cu.ccECP.gamess,10,19,2,d,s-d;p-d,16,aug-cc-pCV5Z;aug-cc-pCVDZ;aug-cc-pCVQZ;aug-cc-pCVTZ;aug-cc-pV5Z;aug-cc-pVDZ;aug-cc-pVQZ;aug-cc-pVTZ;cc-pCV5Z;cc-pCVDZ;cc-pCVQZ;cc-pCVTZ;cc-pV5Z;cc-pVDZ;cc-pVQZ;cc-pVTZ,gamess;gaussian;molpro;nwchem,PASS,library files present but not used: Cu.ccECP.rpt_deprecated;Cu.ccECP.upf_deprecated;Cu.ccECP.xml;autoauxc_jobs
Eu,63,recipes/Eu/ccECP,ccECP,gamess=Eu.ccECP.gamess;gaussian=Eu.ccECP.gaussian;molpro=Eu.ccECP.molpro;nwchem=Eu.ccECP.nwchem,Eu.ccECP.gamess,46,17,4,g,s-g;p-g;d-g;f-g,12,aug-cc-pCVDZ;aug-cc-pCVQZ;aug-cc-pCVTZ;aug-cc-pVDZ;aug-cc-pVQZ;aug-cc-pVTZ;cc-pCVDZ;cc-pCVQZ;cc-pCVTZ;cc-pVDZ;cc-pVQZ;cc-pVTZ,dirac;gamess;gaussian;molpro;nwchem,PASS,library files present but not used: Eu.ccECP.AREP.rpt;Eu.ccECP.AREP.upf;Eu.ccECP.AREP.xml;Eu.ccECP.SOREP.rpt;Eu.ccECP.SOREP.upf;Eu.ccECP.SOREP.xml;Eu.ccECP.dirac;autoauxc_jobs
F,9,recipes/F/ccECP,ccECP,gamess=F.ccECP.gamess;gaussian=F.ccECP.gaussian;molpro=F.ccECP.molpro;nwchem=F.ccECP.nwchem,F.ccECP.gamess,2,7,1,p,s-p,10,aug-cc-pV5Z;aug-cc-pV6Z;aug-cc-pVDZ;aug-cc-pVQZ;aug-cc-pVTZ;cc-pV5Z;cc-pV6Z;cc-pVDZ;cc-pVQZ;cc-pVTZ,gamess;gaussian;molpro;nwchem,PASS,library files present but not used: F.ccECP.rpt;F.ccECP.upf;F.ccECP.xml;autoauxc_jobs
Fe,26,recipes/Fe/ccECP,ccECP,gamess=Fe.ccECP.gamess;gaussian=Fe.ccECP.gaussian;molpro=Fe.ccECP.molpro;nwchem=Fe.ccECP.nwchem;plain=Fe.ccECP,Fe.ccECP.gamess,10,16,2,d,s-d;p-d,16,aug-cc-pCV5Z;aug-cc-pCVDZ;aug-cc-pCVQZ;aug-cc-pCVTZ;aug-cc-pV5Z;aug-cc-pVDZ;aug-cc-pVQZ;aug-cc-pVTZ;cc-pCV5Z;cc-pCVDZ;cc-pCVQZ;cc-pCVTZ;cc-pV5Z;cc-pVDZ;cc-pVQZ;cc-pVTZ,gamess;gaussian;molpro;nwchem,PASS,library files present but not used: Fe.ccECP.rpt_deprecated;Fe.ccECP.upf_deprecated;Fe.ccECP.xml;autoauxc_jobs
Ga,31,recipes/Ga/ccECP,ccECP,gamess=Ga.ccECP.gamess;gaussian=Ga.ccECP.gaussian;molpro=Ga.ccECP.molpro;nwchem=Ga.ccECP.nwchem,Ga.ccECP.gamess,28,3,3,f,s-f;p-f;d-f,10,aug-cc-pV5Z;aug-cc-pV6Z;aug-cc-pVDZ;aug-cc-pVQZ;aug-cc-pVTZ;cc-pV5Z;cc-pV6Z;cc-pVDZ;cc-pVQZ;cc-pVTZ,gamess;gaussian;molpro;nwchem,PASS,library files present but not used: Ga.ccECP.rpt;Ga.ccECP.upf;Ga.ccECP.xml;autoauxc_jobs
Gd,64,recipes/Gd/ccECP,ccECP,gamess=Gd.ccECP.gamess;gaussian=Gd.ccECP.gaussian;molpro=Gd.ccECP.molpro;nwchem=Gd.ccECP.nwchem,Gd.ccECP.gamess,46,18,4,g,s-g;p-g;d-g;f-g,12,aug-cc-pCVDZ;aug-cc-pCVQZ;aug-cc-pCVTZ;aug-cc-pVDZ;aug-cc-pVQZ;aug-cc-pVTZ;cc-pCVDZ;cc-pCVQZ;cc-pCVTZ;cc-pVDZ;cc-pVQZ;cc-pVTZ,dirac;gamess;gaussian;molpro;nwchem,PASS,library files present but not used: Gd.ccECP.AREP.rpt;Gd.ccECP.AREP.upf;Gd.ccECP.AREP.xml;Gd.ccECP.SOREP.rpt;Gd.ccECP.SOREP.upf;Gd.ccECP.SOREP.xml;Gd.ccECP.dirac;autoauxc_jobs
Ge,32,recipes/Ge/ccECP,ccECP,gamess=Ge.ccECP.gamess;gaussian=Ge.ccECP.gaussian;molpro=Ge.ccECP.molpro;nwchem=Ge.ccECP.nwchem,Ge.ccECP.gamess,28,4,3,f,s-f;p-f;d-f,10,aug-cc-pV5Z;aug-cc-pV6Z;aug-cc-pVDZ;aug-cc-pVQZ;aug-cc-pVTZ;cc-pV5Z;cc-pV6Z;cc-pVDZ;cc-pVQZ;cc-pVTZ,gamess;gaussian;molpro;nwchem,PASS,library files present but not used: Ge.ccECP.rpt;Ge.ccECP.upf;Ge.ccECP.xml;autoauxc_jobs
H,1,recipes/H/ccECP,ccECP,gamess=H.ccECP.gamess;gaussian=H.ccECP.gaussian;molpro=H.ccECP.molpro;nwchem=H.ccECP.nwchem,H.ccECP.gamess,0,1,1,p,s-p,10,aug-cc-pV5Z;aug-cc-pV6Z;aug-cc-pVDZ;aug-cc-pVQZ;aug-cc-pVTZ;cc-pV5Z;cc-pV6Z;cc-pVDZ;cc-pVQZ;cc-pVTZ,gamess;gaussian;molpro;nwchem,PASS,library files present but not used: H.ccECP.rpt;H.ccECP.upf;H.ccECP.xml;autoauxc_jobs | NCORE=0: all electrons are explicit; the ccECP acts purely as a shape-consistent potential
He,2,recipes/He/ccECP,ccECP,gamess=He.ccECP.gamess;gaussian=He.ccECP.gaussian;molpro=He.ccECP.molpro;nwchem=He.ccECP.nwchem,He.ccECP.gamess,0,2,1,p,s-p,10,aug-cc-pV5Z;aug-cc-pV6Z;aug-cc-pVDZ;aug-cc-pVQZ;aug-cc-pVTZ;cc-pV5Z;cc-pV6Z;cc-pVDZ;cc-pVQZ;cc-pVTZ,gamess;gaussian;molpro;nwchem,PASS,library files present but not used: He.ccECP.rpt;He.ccECP.upf;He.ccECP.xml;autoauxc_jobs | NCORE=0: all electrons are explicit; the ccECP acts purely as a shape-consistent potential
I,53,recipes/I/ccECP,ccECP,gamess=I.ccECP.gamess;gaussian=I.ccECP.gaussian;molpro=I.ccECP.molpro;nwchem=I.ccECP.nwchem;plain=I.ccECP,I.ccECP.gamess,46,7,3,f,s-f;p-f;d-f,10,aug-cc-pV5Z;aug-cc-pV6Z;aug-cc-pVDZ;aug-cc-pVQZ;aug-cc-pVTZ;cc-pV5Z;cc-pV6Z;cc-pVDZ;cc-pVQZ;cc-pVTZ,dirac;gamess;gaussian;molpro;nwchem,PASS,library files present but not used: I.ccECP.AREP.rpt;I.ccECP.AREP.upf;I.ccECP.AREP.xml;I.ccECP.SOREP.rpt;I.ccECP.SOREP.upf;I.ccECP.SOREP.xml;I.ccECP.dirac;autoauxc_jobs
Ir,77,recipes/Ir/ccECP,ccECP,gamess=Ir.ccECP.gamess;gaussian=Ir.ccECP.gaussian;molpro=Ir.ccECP.molpro;nwchem=Ir.ccECP.nwchem;plain=Ir.ccECP,Ir.ccECP.gamess,60,17,4,g,s-g;p-g;d-g;f-g,16,aug-cc-pCV5Z;aug-cc-pCVDZ;aug-cc-pCVQZ;aug-cc-pCVTZ;aug-cc-pV5Z;aug-cc-pVDZ;aug-cc-pVQZ;aug-cc-pVTZ;cc-pCV5Z;cc-pCVDZ;cc-pCVQZ;cc-pCVTZ;cc-pV5Z;cc-pVDZ;cc-pVQZ;cc-pVTZ,dirac;gamess;gaussian;molpro;nwchem,PASS,library files present but not used: Ir.ccECP.AREP.rpt;Ir.ccECP.AREP.upf;Ir.ccECP.AREP.xml;Ir.ccECP.SOREP.rpt;Ir.ccECP.SOREP.upf;Ir.ccECP.SOREP.xml;Ir.ccECP.dirac;autoauxc_jobs
K,19,recipes/K/ccECP,ccECP,gamess=K.ccECP.gamess;gaussian=K.ccECP.gaussian;molpro=K.ccECP.molpro;nwchem=K.ccECP.nwchem,K.ccECP.gamess,10,9,2,d,s-d;p-d,20,aug-cc-pCV5Z;aug-cc-pCV6Z;aug-cc-pCVDZ;aug-cc-pCVQZ;aug-cc-pCVTZ;aug-cc-pV5Z;aug-cc-pV6Z;aug-cc-pVDZ;aug-cc-pVQZ;aug-cc-pVTZ;cc-pCV5Z;cc-pCV6Z;cc-pCVDZ;cc-pCVQZ;cc-pCVTZ;cc-pV5Z;cc-pV6Z;cc-pVDZ;cc-pVQZ;cc-pVTZ,gamess;gaussian;molpro;nwchem,PASS,library files present but not used: K.ccECP.rpt;K.ccECP.upf;K.ccECP.xml;autoauxc_jobs
Kr,36,recipes/Kr/ccECP,ccECP,gamess=Kr.ccECP.gamess;gaussian=Kr.ccECP.gaussian;molpro=Kr.ccECP.molpro;nwchem=Kr.ccECP.nwchem,Kr.ccECP.gamess,28,8,3,f,s-f;p-f;d-f,10,aug-cc-pV5Z;aug-cc-pV6Z;aug-cc-pVDZ;aug-cc-pVQZ;aug-cc-pVTZ;cc-pV5Z;cc-pV6Z;cc-pVDZ;cc-pVQZ;cc-pVTZ,gamess;gaussian;molpro;nwchem,PASS,library files present but not used: Kr.ccECP.rpt;Kr.ccECP.upf;Kr.ccECP.xml;autoauxc_jobs
La,57,recipes/La/ccECP,ccECP,gamess=La.ccECP.gamess;gaussian=La.ccECP.gaussian;molpro=La.ccECP.molpro;nwchem=La.ccECP.nwchem,La.ccECP.gamess,46,11,4,g,s-g;p-g;d-g;f-g,12,aug-cc-pCVDZ;aug-cc-pCVQZ;aug-cc-pCVTZ;aug-cc-pVDZ;aug-cc-pVQZ;aug-cc-pVTZ;cc-pCVDZ;cc-pCVQZ;cc-pCVTZ;cc-pVDZ;cc-pVQZ;cc-pVTZ,dirac;gamess;gaussian;molpro;nwchem,PASS,library files present but not used: La.ccECP.AREP.rpt;La.ccECP.AREP.upf;La.ccECP.AREP.xml;La.ccECP.SOREP.rpt;La.ccECP.SOREP.upf;La.ccECP.SOREP.xml;La.ccECP.dirac;autoauxc_jobs
Li,3,recipes/Li/ccECP,ccECP,gamess=Li.ccECP.gamess;gaussian=Li.ccECP.gaussian;molpro=Li.ccECP.molpro;nwchem=Li.ccECP.nwchem,Li.ccECP.gamess,2,1,1,p,s-p,8,aug-cc-pV5Z;aug-cc-pVDZ;aug-cc-pVQZ;aug-cc-pVTZ;cc-pV5Z;cc-pVDZ;cc-pVQZ;cc-pVTZ,gamess;gaussian;molpro;nwchem,PASS,library files present but not used: Li.ccECP.rpt;Li.ccECP.upf;Li.ccECP.xml;autoauxc_jobs
Mg,12,recipes/Mg/ccECP,ccECP,gamess=Mg.ccECP.gamess;gaussian=Mg.ccECP.gaussian;molpro=Mg.ccECP.molpro;nwchem=Mg.ccECP.nwchem;plain=Mg.ccECP,Mg.ccECP.gamess,10,2,2,d,s-d;p-d,10,aug-cc-pV5Z;aug-cc-pV6Z;aug-cc-pVDZ;aug-cc-pVQZ;aug-cc-pVTZ;cc-pV5Z;cc-pV6Z;cc-pVDZ;cc-pVQZ;cc-pVTZ,gamess;gaussian;molpro;nwchem,PASS,library files present but not used: Mg.ccECP.rpt;Mg.ccECP.upf;Mg.ccECP.xml;autoauxc_jobs
Mn,25,recipes/Mn/ccECP,ccECP,gamess=Mn.ccECP.gamess;gaussian=Mn.ccECP.gaussian;molpro=Mn.ccECP.molpro;nwchem=Mn.ccECP.nwchem;plain=Mn.ccECP,Mn.ccECP.gamess,10,15,2,d,s-d;p-d,16,aug-cc-pCV5Z;aug-cc-pCVDZ;aug-cc-pCVQZ;aug-cc-pCVTZ;aug-cc-pV5Z;aug-cc-pVDZ;aug-cc-pVQZ;aug-cc-pVTZ;cc-pCV5Z;cc-pCVDZ;cc-pCVQZ;cc-pCVTZ;cc-pV5Z;cc-pVDZ;cc-pVQZ;cc-pVTZ,gamess;gaussian;molpro;nwchem,PASS,library files present but not used: Mn.ccECP.rpt_deprecated;Mn.ccECP.upf_deprecated;Mn.ccECP.xml;autoauxc_jobs
Mo,42,recipes/Mo/ccECP,ccECP,gamess=Mo.ccECP.gamess;gaussian=Mo.ccECP.gaussian;molpro=Mo.ccECP.molpro;nwchem=Mo.ccECP.nwchem;plain=Mo.ccECP,Mo.ccECP.gamess,28,14,3,f,s-f;p-f;d-f,16,aug-cc-pCV5Z;aug-cc-pCVDZ;aug-cc-pCVQZ;aug-cc-pCVTZ;aug-cc-pV5Z;aug-cc-pVDZ;aug-cc-pVQZ;aug-cc-pVTZ;cc-pCV5Z;cc-pCVDZ;cc-pCVQZ;cc-pCVTZ;cc-pV5Z;cc-pVDZ;cc-pVQZ;cc-pVTZ,dirac;gamess;gaussian;molpro;nwchem,PASS,library files present but not used: Mo.ccECP.AREP.rpt;Mo.ccECP.AREP.upf;Mo.ccECP.AREP.xml;Mo.ccECP.SOREP.rpt;Mo.ccECP.SOREP.upf;Mo.ccECP.SOREP.xml;Mo.ccECP.dirac;autoauxc_jobs
N,7,recipes/N/ccECP,ccECP,gamess=N.ccECP.gamess;gaussian=N.ccECP.gaussian;molpro=N.ccECP.molpro;nwchem=N.ccECP.nwchem;plain=N.ccECP,N.ccECP.gamess,2,5,1,p,s-p,10,aug-cc-pV5Z;aug-cc-pV6Z;aug-cc-pVDZ;aug-cc-pVQZ;aug-cc-pVTZ;cc-pV5Z;cc-pV6Z;cc-pVDZ;cc-pVQZ;cc-pVTZ,gamess;gaussian;molpro;nwchem,PASS,library files present but not used: N.ccECP.rpt;N.ccECP.upf;N.ccECP.xml;autoauxc_jobs
Na,11,recipes/Na/ccECP,ccECP,gamess=Na.ccECP.gamess;gaussian=Na.ccECP.gaussian;molpro=Na.ccECP.molpro;nwchem=Na.ccECP.nwchem;plain=Na.ccECP,Na.ccECP.gamess,10,1,2,d,s-d;p-d,8,aug-cc-pV5Z;aug-cc-pVDZ;aug-cc-pVQZ;aug-cc-pVTZ;cc-pV5Z;cc-pVDZ;cc-pVQZ;cc-pVTZ,gamess;gaussian;molpro;nwchem,PASS,library files present but not used: Na.ccECP.rpt;Na.ccECP.upf;Na.ccECP.xml;autoauxc_jobs
Nb,41,recipes/Nb/ccECP,ccECP,gamess=Nb.ccECP.gamess;gaussian=Nb.ccECP.gaussian;molpro=Nb.ccECP.molpro;nwchem=Nb.ccECP.nwchem,Nb.ccECP.gamess,28,13,3,f,s-f;p-f;d-f,16,aug-cc-pCV5Z;aug-cc-pCVDZ;aug-cc-pCVQZ;aug-cc-pCVTZ;aug-cc-pV5Z;aug-cc-pVDZ;aug-cc-pVQZ;aug-cc-pVTZ;cc-pCV5Z;cc-pCVDZ;cc-pCVQZ;cc-pCVTZ;cc-pV5Z;cc-pVDZ;cc-pVQZ;cc-pVTZ,dirac;gamess;gaussian;molpro;nwchem,PASS,library files present but not used: Nb.ccECP.dirac;autoauxc_jobs
Ne,10,recipes/Ne/ccECP,ccECP,gamess=Ne.ccECP.gamess;gaussian=Ne.ccECP.gaussian;molpro=Ne.ccECP.molpro;nwchem=Ne.ccECP.nwchem,Ne.ccECP.gamess,2,8,1,p,s-p,5,cc-pV5Z;cc-pV6Z;cc-pVDZ;cc-pVQZ;cc-pVTZ,gamess;gaussian;molpro;nwchem,PASS,library files present but not used: Ne.ccECP.rpt;Ne.ccECP.upf;Ne.ccECP.xml;autoauxc_jobs
Ni,28,recipes/Ni/ccECP,ccECP,gamess=Ni.ccECP.gamess;gaussian=Ni.ccECP.gaussian;molpro=Ni.ccECP.molpro;nwchem=Ni.ccECP.nwchem;plain=Ni.ccECP,Ni.ccECP.gamess,10,18,2,d,s-d;p-d,16,aug-cc-pCV5Z;aug-cc-pCVDZ;aug-cc-pCVQZ;aug-cc-pCVTZ;aug-cc-pV5Z;aug-cc-pVDZ;aug-cc-pVQZ;aug-cc-pVTZ;cc-pCV5Z;cc-pCVDZ;cc-pCVQZ;cc-pCVTZ;cc-pV5Z;cc-pVDZ;cc-pVQZ;cc-pVTZ,gamess;gaussian;molpro;nwchem,PASS,library files present but not used: Ni.ccECP.rpt_deprecated;Ni.ccECP.upf_deprecated;Ni.ccECP.xml;autoauxc_jobs
O,8,recipes/O/ccECP,ccECP,gamess=O.ccECP.gamess;gaussian=O.ccECP.gaussian;molpro=O.ccECP.molpro;nwchem=O.ccECP.nwchem;plain=O.ccECP,O.ccECP.gamess,2,6,1,p,s-p,10,aug-cc-pV5Z;aug-cc-pV6Z;aug-cc-pVDZ;aug-cc-pVQZ;aug-cc-pVTZ;cc-pV5Z;cc-pV6Z;cc-pVDZ;cc-pVQZ;cc-pVTZ,gamess;gaussian;molpro;nwchem,PASS,library files present but not used: O.ccECP.rpt;O.ccECP.upf;O.ccECP.xml;autoauxc_jobs
P,15,recipes/P/ccECP,ccECP,gamess=P.ccECP.gamess;gaussian=P.ccECP.gaussian;molpro=P.ccECP.molpro;nwchem=P.ccECP.nwchem,P.ccECP.gamess,10,5,2,d,s-d;p-d,10,aug-cc-pV5Z;aug-cc-pV6Z;aug-cc-pVDZ;aug-cc-pVQZ;aug-cc-pVTZ;cc-pV5Z;cc-pV6Z;cc-pVDZ;cc-pVQZ;cc-pVTZ,gamess;gaussian;molpro;nwchem,PASS,library files present but not used: P.ccECP.rpt;P.ccECP.upf;P.ccECP.xml;autoauxc_jobs
Pb,82,recipes/Pb/ccECP,ccECP,gamess=Pb.ccECP.gamess;gaussian=Pb.ccECP.gaussian;molpro=Pb.ccECP.molpro;nwchem=Pb.ccECP.nwchem,Pb.ccECP.gamess,78,4,4,g,s-g;p-g;d-g;f-g,8,aug-cc-pV5Z;aug-cc-pVDZ;aug-cc-pVQZ;aug-cc-pVTZ;cc-pV5Z;cc-pVDZ;cc-pVQZ;cc-pVTZ,dirac;gamess;gaussian;molpro;nwchem,PASS,library files present but not used: Pb.ccECP.AREP.rpt;Pb.ccECP.AREP.upf;Pb.ccECP.AREP.xml;Pb.ccECP.SOREP.rpt;Pb.ccECP.SOREP.upf;Pb.ccECP.SOREP.xml;Pb.ccECP.dirac;autoauxc_jobs
Pd,46,recipes/Pd/ccECP,ccECP,gamess=Pd.ccECP.gamess;gaussian=Pd.ccECP.gaussian;molpro=Pd.ccECP.molpro;nwchem=Pd.ccECP.nwchem;plain=Pd.ccECP,Pd.ccECP.gamess,28,18,3,f,s-f;p-f;d-f,16,aug-cc-pCV5Z;aug-cc-pCVDZ;aug-cc-pCVQZ;aug-cc-pCVTZ;aug-cc-pV5Z;aug-cc-pVDZ;aug-cc-pVQZ;aug-cc-pVTZ;cc-pCV5Z;cc-pCVDZ;cc-pCVQZ;cc-pCVTZ;cc-pV5Z;cc-pVDZ;cc-pVQZ;cc-pVTZ,dirac;gamess;gaussian;molpro;nwchem,PASS,library files present but not used: Pd.ccECP.AREP.rpt;Pd.ccECP.AREP.upf;Pd.ccECP.AREP.xml;Pd.ccECP.SOREP.rpt;Pd.ccECP.SOREP.upf;Pd.ccECP.SOREP.xml;Pd.ccECP.dirac;autoauxc_jobs
Pt,78,recipes/Pt/ccECP,ccECP,gamess=Pt.ccECP.gamess;gaussian=Pt.ccECP.gaussian;molpro=Pt.ccECP.molpro;nwchem=Pt.ccECP.nwchem,Pt.ccECP.gamess,60,18,4,g,s-g;p-g;d-g;f-g,16,aug-cc-pCV5Z;aug-cc-pCVDZ;aug-cc-pCVQZ;aug-cc-pCVTZ;aug-cc-pV5Z;aug-cc-pVDZ;aug-cc-pVQZ;aug-cc-pVTZ;cc-pCV5Z;cc-pCVDZ;cc-pCVQZ;cc-pCVTZ;cc-pV5Z;cc-pVDZ;cc-pVQZ;cc-pVTZ,dirac;gamess;gaussian;molpro;nwchem,PASS,library files present but not used: Pt.ccECP.AREP.rpt;Pt.ccECP.AREP.upf;Pt.ccECP.AREP.xml;Pt.ccECP.SOREP.rpt;Pt.ccECP.SOREP.upf;Pt.ccECP.SOREP.xml;Pt.ccECP.dirac;autoauxc_jobs
Rb,37,recipes/Rb/ccECP,ccECP,gamess=Rb.ccECP.gamess;gaussian=Rb.ccECP.gaussian;molpro=Rb.ccECP.molpro;nwchem=Rb.ccECP.nwchem,Rb.ccECP.gamess,28,9,3,f,s-f;p-f;d-f,20,aug-cc-pCV5Z;aug-cc-pCV6Z;aug-cc-pCVDZ;aug-cc-pCVQZ;aug-cc-pCVTZ;aug-cc-pV5Z;aug-cc-pV6Z;aug-cc-pVDZ;aug-cc-pVQZ;aug-cc-pVTZ;cc-pCV5Z;cc-pCV6Z;cc-pCVDZ;cc-pCVQZ;cc-pCVTZ;cc-pV5Z;cc-pV6Z;cc-pVDZ;cc-pVQZ;cc-pVTZ,dirac;gamess;gaussian;molpro;nwchem,PASS,library files present but not used: Rb.ccECP.AREP.rpt;Rb.ccECP.AREP.upf;Rb.ccECP.AREP.xml;Rb.ccECP.SOREP.rpt;Rb.ccECP.SOREP.upf;Rb.ccECP.SOREP.xml;Rb.ccECP.dirac;autoauxc_jobs
Re,75,recipes/Re/ccECP,ccECP,gamess=Re.ccECP.gamess;gaussian=Re.ccECP.gaussian;molpro=Re.ccECP.molpro;nwchem=Re.ccECP.nwchem,Re.ccECP.gamess,60,15,4,g,s-g;p-g;d-g;f-g,16,aug-cc-pCV5Z;aug-cc-pCVDZ;aug-cc-pCVQZ;aug-cc-pCVTZ;aug-cc-pV5Z;aug-cc-pVDZ;aug-cc-pVQZ;aug-cc-pVTZ;cc-pCV5Z;cc-pCVDZ;cc-pCVQZ;cc-pCVTZ;cc-pV5Z;cc-pVDZ;cc-pVQZ;cc-pVTZ,dirac;gamess;gaussian;molpro;nwchem,PASS,library files present but not used: Re.ccECP.AREP.rpt;Re.ccECP.AREP.upf;Re.ccECP.AREP.xml;Re.ccECP.SOREP.rpt;Re.ccECP.SOREP.upf;Re.ccECP.SOREP.xml;Re.ccECP.dirac;autoauxc_jobs
Rh,45,recipes/Rh/ccECP,ccECP,gamess=Rh.ccECP.gamess;gaussian=Rh.ccECP.gaussian;molpro=Rh.ccECP.molpro;nwchem=Rh.ccECP.nwchem,Rh.ccECP.gamess,28,17,3,f,s-f;p-f;d-f,16,aug-cc-pCV5Z;aug-cc-pCVDZ;aug-cc-pCVQZ;aug-cc-pCVTZ;aug-cc-pV5Z;aug-cc-pVDZ;aug-cc-pVQZ;aug-cc-pVTZ;cc-pCV5Z;cc-pCVDZ;cc-pCVQZ;cc-pCVTZ;cc-pV5Z;cc-pVDZ;cc-pVQZ;cc-pVTZ,dirac;gamess;gaussian;molpro;nwchem,PASS,library files present but not used: Rh.ccECP.AREP.rpt;Rh.ccECP.AREP.upf;Rh.ccECP.AREP.xml;Rh.ccECP.SOREP.rpt;Rh.ccECP.SOREP.upf;Rh.ccECP.SOREP.xml;Rh.ccECP.dirac;autoauxc_jobs
Ru,44,recipes/Ru/ccECP,ccECP,gamess=Ru.ccECP.gamess;gaussian=Ru.ccECP.gaussian;molpro=Ru.ccECP.molpro;nwchem=Ru.ccECP.nwchem,Ru.ccECP.gamess,28,16,3,f,s-f;p-f;d-f,16,aug-cc-pCV5Z;aug-cc-pCVDZ;aug-cc-pCVQZ;aug-cc-pCVTZ;aug-cc-pV5Z;aug-cc-pVDZ;aug-cc-pVQZ;aug-cc-pVTZ;cc-pCV5Z;cc-pCVDZ;cc-pCVQZ;cc-pCVTZ;cc-pV5Z;cc-pVDZ;cc-pVQZ;cc-pVTZ,dirac;gamess;gaussian;molpro;nwchem,PASS,library files present but not used: Ru.ccECP.AREP.rpt;Ru.ccECP.AREP.upf;Ru.ccECP.AREP.xml;Ru.ccECP.SOREP.rpt;Ru.ccECP.SOREP.upf;Ru.ccECP.SOREP.xml;Ru.ccECP.dirac;autoauxc_jobs
S,16,recipes/S/ccECP,ccECP,gamess=S.ccECP.gamess;gaussian=S.ccECP.gaussian;molpro=S.ccECP.molpro;nwchem=S.ccECP.nwchem,S.ccECP.gamess,10,6,2,d,s-d;p-d,10,aug-cc-pV5Z;aug-cc-pV6Z;aug-cc-pVDZ;aug-cc-pVQZ;aug-cc-pVTZ;cc-pV5Z;cc-pV6Z;cc-pVDZ;cc-pVQZ;cc-pVTZ,gamess;gaussian;molpro;nwchem,PASS,library files present but not used: S.ccECP.rpt;S.ccECP.upf;S.ccECP.xml;autoauxc_jobs
Sb,51,recipes/Sb/ccECP,ccECP,gamess=Sb.ccECP.gamess;gaussian=Sb.ccECP.gaussian;molpro=Sb.ccECP.molpro;nwchem=Sb.ccECP.nwchem,Sb.ccECP.gamess,46,5,3,f,s-f;p-f;d-f,10,aug-cc-pV5Z;aug-cc-pV6Z;aug-cc-pVDZ;aug-cc-pVQZ;aug-cc-pVTZ;cc-pV5Z;cc-pV6Z;cc-pVDZ;cc-pVQZ;cc-pVTZ,dirac;gamess;molpro;nwchem,PASS,library files present but not used: Sb.ccECP.AREP.rpt;Sb.ccECP.AREP.upf;Sb.ccECP.AREP.xml;Sb.ccECP.SOREP.rpt;Sb.ccECP.SOREP.upf;Sb.ccECP.SOREP.xml;Sb.ccECP.dirac;autoauxc_jobs
Sc,21,recipes/Sc/ccECP,ccECP,gamess=Sc.ccECP.gamess;gaussian=Sc.ccECP.gaussian;molpro=Sc.ccECP.molpro;nwchem=Sc.ccECP.nwchem;plain=Sc.ccECP,Sc.ccECP.gamess,10,11,2,d,s-d;p-d,16,aug-cc-pCV5Z;aug-cc-pCVDZ;aug-cc-pCVQZ;aug-cc-pCVTZ;aug-cc-pV5Z;aug-cc-pVDZ;aug-cc-pVQZ;aug-cc-pVTZ;cc-pCV5Z;cc-pCVDZ;cc-pCVQZ;cc-pCVTZ;cc-pV5Z;cc-pVDZ;cc-pVQZ;cc-pVTZ,gamess;gaussian;molpro;nwchem,PASS,library files present but not used: Sc.ccECP.rpt;Sc.ccECP.upf;Sc.ccECP.xml;autoauxc_jobs
Se,34,recipes/Se/ccECP,ccECP,gamess=Se.ccECP.gamess;gaussian=Se.ccECP.gaussian;molpro=Se.ccECP.molpro;nwchem=Se.ccECP.nwchem,Se.ccECP.gamess,28,6,3,f,s-f;p-f;d-f,10,aug-cc-pV5Z;aug-cc-pV6Z;aug-cc-pVDZ;aug-cc-pVQZ;aug-cc-pVTZ;cc-pV5Z;cc-pV6Z;cc-pVDZ;cc-pVQZ;cc-pVTZ,gamess;gaussian;molpro;nwchem,PASS,library files present but not used: Se.ccECP.rpt;Se.ccECP.upf;Se.ccECP.xml;autoauxc_jobs
Si,14,recipes/Si/ccECP,ccECP,gamess=Si.ccECP.gamess;gaussian=Si.ccECP.gaussian;molpro=Si.ccECP.molpro;nwchem=Si.ccECP.nwchem,Si.ccECP.gamess,10,4,2,d,s-d;p-d,10,aug-cc-pV5Z;aug-cc-pV6Z;aug-cc-pVDZ;aug-cc-pVQZ;aug-cc-pVTZ;cc-pV5Z;cc-pV6Z;cc-pVDZ;cc-pVQZ;cc-pVTZ,gamess;gaussian;molpro;nwchem,PASS,library files present but not used: Si.ccECP.rpt;Si.ccECP.upf;Si.ccECP.xml;autoauxc_jobs
Sn,50,recipes/Sn/ccECP,ccECP,gamess=Sn.ccECP.gamess;gaussian=Sn.ccECP.gaussian;molpro=Sn.ccECP.molpro;nwchem=Sn.ccECP.nwchem,Sn.ccECP.gamess,46,4,3,f,s-f;p-f;d-f,10,aug-cc-pV5Z;aug-cc-pV6Z;aug-cc-pVDZ;aug-cc-pVQZ;aug-cc-pVTZ;cc-pV5Z;cc-pV6Z;cc-pVDZ;cc-pVQZ;cc-pVTZ,dirac;gamess;gaussian;molpro;nwchem,PASS,library files present but not used: Sn.ccECP.AREP.rpt;Sn.ccECP.AREP.upf;Sn.ccECP.AREP.xml;Sn.ccECP.SOREP.rpt;Sn.ccECP.SOREP.upf;Sn.ccECP.SOREP.xml;Sn.ccECP.dirac;autoauxc_jobs
Ta,73,recipes/Ta/ccECP,ccECP,gamess=Ta.ccECP.gamess;gaussian=Ta.ccECP.gaussian;molpro=Ta.ccECP.molpro;nwchem=Ta.ccECP.nwchem,Ta.ccECP.gamess,60,13,4,g,s-g;p-g;d-g;f-g,16,aug-cc-pCV5Z;aug-cc-pCVDZ;aug-cc-pCVQZ;aug-cc-pCVTZ;aug-cc-pV5Z;aug-cc-pVDZ;aug-cc-pVQZ;aug-cc-pVTZ;cc-pCV5Z;cc-pCVDZ;cc-pCVQZ;cc-pCVTZ;cc-pV5Z;cc-pVDZ;cc-pVQZ;cc-pVTZ,dirac;gamess;gaussian;molpro;nwchem,PASS,library files present but not used: Ta.ccECP.AREP.rpt;Ta.ccECP.AREP.upf;Ta.ccECP.AREP.xml;Ta.ccECP.SOREP.rpt;Ta.ccECP.SOREP.upf;Ta.ccECP.SOREP.xml;Ta.ccECP.dirac;autoauxc_jobs
Tb,65,recipes/Tb/ccECP,ccECP,gamess=Tb.ccECP.gamess;gaussian=Tb.ccECP.gaussian;molpro=Tb.ccECP.molpro;nwchem=Tb.ccECP.nwchem,Tb.ccECP.gamess,46,19,4,g,s-g;p-g;d-g;f-g,12,aug-cc-pCVDZ;aug-cc-pCVQZ;aug-cc-pCVTZ;aug-cc-pVDZ;aug-cc-pVQZ;aug-cc-pVTZ;cc-pCVDZ;cc-pCVQZ;cc-pCVTZ;cc-pVDZ;cc-pVQZ;cc-pVTZ,dirac;gamess;gaussian;molpro;nwchem,PASS,library files present but not used: Tb.ccECP.AREP.rpt;Tb.ccECP.AREP.upf;Tb.ccECP.AREP.xml;Tb.ccECP.SOREP.rpt;Tb.ccECP.SOREP.upf;Tb.ccECP.SOREP.xml;Tb.ccECP.dirac;autoauxc_jobs
Te,52,recipes/Te/ccECP,ccECP,gamess=Te.ccECP.gamess;gaussian=Te.ccECP.gaussian;molpro=Te.ccECP.molpro;nwchem=Te.ccECP.nwchem;plain=Te.ccECP,Te.ccECP.gamess,46,6,3,f,s-f;p-f;d-f,10,aug-cc-pV5Z;aug-cc-pV6Z;aug-cc-pVDZ;aug-cc-pVQZ;aug-cc-pVTZ;cc-pV5Z;cc-pV6Z;cc-pVDZ;cc-pVQZ;cc-pVTZ,dirac;gamess;gaussian;molpro;nwchem,PASS,library files present but not used: Te.ccECP.AREP.rpt;Te.ccECP.AREP.upf;Te.ccECP.AREP.xml;Te.ccECP.SOREP.rpt;Te.ccECP.SOREP.upf;Te.ccECP.SOREP.xml;Te.ccECP.dirac;autoauxc_jobs
Ti,22,recipes/Ti/ccECP,ccECP,gamess=Ti.ccECP.gamess;gaussian=Ti.ccECP.gaussian;molpro=Ti.ccECP.molpro;nwchem=Ti.ccECP.nwchem;plain=Ti.ccECP,Ti.ccECP.gamess,10,12,2,d,s-d;p-d,16,aug-cc-pCV5Z;aug-cc-pCVDZ;aug-cc-pCVQZ;aug-cc-pCVTZ;aug-cc-pV5Z;aug-cc-pVDZ;aug-cc-pVQZ;aug-cc-pVTZ;cc-pCV5Z;cc-pCVDZ;cc-pCVQZ;cc-pCVTZ;cc-pV5Z;cc-pVDZ;cc-pVQZ;cc-pVTZ,gamess;gaussian;molpro;nwchem,PASS,library files present but not used: Ti.ccECP.rpt;Ti.ccECP.upf;Ti.ccECP.xml;autoauxc_jobs
V,23,recipes/V/ccECP,ccECP,gamess=V.ccECP.gamess;gaussian=V.ccECP.gaussian;molpro=V.ccECP.molpro;nwchem=V.ccECP.nwchem;plain=V.ccECP,V.ccECP.gamess,10,13,2,d,s-d;p-d,16,aug-cc-pCV5Z;aug-cc-pCVDZ;aug-cc-pCVQZ;aug-cc-pCVTZ;aug-cc-pV5Z;aug-cc-pVDZ;aug-cc-pVQZ;aug-cc-pVTZ;cc-pCV5Z;cc-pCVDZ;cc-pCVQZ;cc-pCVTZ;cc-pV5Z;cc-pVDZ;cc-pVQZ;cc-pVTZ,gamess;gaussian;molpro;nwchem,PASS,library files present but not used: V.ccECP.rpt;V.ccECP.upf;V.ccECP.xml;autoauxc_jobs
W,74,recipes/W/ccECP,ccECP,gamess=W.ccECP.gamess;gaussian=W.ccECP.gaussian;molpro=W.ccECP.molpro;nwchem=W.ccECP.nwchem;plain=W.ccECP,W.ccECP.gamess,60,14,4,g,s-g;p-g;d-g;f-g,16,aug-cc-pCV5Z;aug-cc-pCVDZ;aug-cc-pCVQZ;aug-cc-pCVTZ;aug-cc-pV5Z;aug-cc-pVDZ;aug-cc-pVQZ;aug-cc-pVTZ;cc-pCV5Z;cc-pCVDZ;cc-pCVQZ;cc-pCVTZ;cc-pV5Z;cc-pVDZ;cc-pVQZ;cc-pVTZ,dirac;gamess;gaussian;molpro;nwchem,PASS,library files present but not used: W.ccECP.AREP.rpt;W.ccECP.AREP.upf;W.ccECP.AREP.xml;W.ccECP.SOREP.rpt;W.ccECP.SOREP.upf;W.ccECP.SOREP.xml;W.ccECP.dirac;autoauxc_jobs
Y,39,recipes/Y/ccECP,ccECP,gamess=Y.ccECP.gamess;gaussian=Y.ccECP.gaussian;molpro=Y.ccECP.molpro;nwchem=Y.ccECP.nwchem,Y.ccECP.gamess,28,11,3,f,s-f;p-f;d-f,16,aug-cc-pCV5Z;aug-cc-pCVDZ;aug-cc-pCVQZ;aug-cc-pCVTZ;aug-cc-pV5Z;aug-cc-pVDZ;aug-cc-pVQZ;aug-cc-pVTZ;cc-pCV5Z;cc-pCVDZ;cc-pCVQZ;cc-pCVTZ;cc-pV5Z;cc-pVDZ;cc-pVQZ;cc-pVTZ,dirac;gamess;gaussian;molpro;nwchem,PASS,library files present but not used: Y.ccECP.dirac;autoauxc_jobs
Zn,30,recipes/Zn/ccECP,ccECP,gamess=Zn.ccECP.gamess;gaussian=Zn.ccECP.gaussian;molpro=Zn.ccECP.molpro;nwchem=Zn.ccECP.nwchem;plain=Zn.ccECP,Zn.ccECP.gamess,10,20,2,d,s-d;p-d,16,aug-cc-pCV5Z;aug-cc-pCVDZ;aug-cc-pCVQZ;aug-cc-pCVTZ;aug-cc-pV5Z;aug-cc-pVDZ;aug-cc-pVQZ;aug-cc-pVTZ;cc-pCV5Z;cc-pCVDZ;cc-pCVQZ;cc-pCVTZ;cc-pV5Z;cc-pVDZ;cc-pVQZ;cc-pVTZ,gamess;gaussian;molpro;nwchem,PASS,library files present but not used: Zn.ccECP.rpt_deprecated;Zn.ccECP.upf_deprecated;Zn.ccECP.xml;autoauxc_jobs
Zr,40,recipes/Zr/ccECP,ccECP,gamess=Zr.ccECP.gamess;gaussian=Zr.ccECP.gaussian;molpro=Zr.ccECP.molpro;nwchem=Zr.ccECP.nwchem,Zr.ccECP.gamess,28,12,3,f,s-f;p-f;d-f,16,aug-cc-pCV5Z;aug-cc-pCVDZ;aug-cc-pCVQZ;aug-cc-pCVTZ;aug-cc-pV5Z;aug-cc-pVDZ;aug-cc-pVQZ;aug-cc-pVTZ;cc-pCV5Z;cc-pCVDZ;cc-pCVQZ;cc-pCVTZ;cc-pV5Z;cc-pVDZ;cc-pVQZ;cc-pVTZ,dirac;gamess;gaussian;molpro;nwchem,PASS,library files present but not used: Zr.ccECP.AREP.rpt;Zr.ccECP.AREP.upf;Zr.ccECP.AREP.xml;Zr.ccECP.SOREP.rpt;Zr.ccECP.SOREP.upf;Zr.ccECP.SOREP.xml;Zr.ccECP.dirac;autoauxc_jobs
